Datetime,Water Level (m)
2025-11-15 00:00:00,-0.33052438
2025-11-15 01:00:00,-0.40857536
2025-11-15 02:00:00,-0.26795015
2025-11-15 03:00:00,-0.065040916
2025-11-15 04:00:00,0.1769002
2025-11-15 05:00:00,0.42118862
2025-11-15 06:00:00,0.5867642
2025-11-15 07:00:00,0.6050407
2025-11-15 08:00:00,0.44815403
2025-11-15 09:00:00,0.22135103
2025-11-15 10:00:00,0.012781446
2025-11-15 11:00:00,-0.1735495
2025-11-15 12:00:00,-0.35085952
2025-11-15 13:00:00,-0.48766574
2025-11-15 14:00:00,-0.5228748
2025-11-15 15:00:00,-0.20345902
2025-11-15 16:00:00,0.09198012
2025-11-15 17:00:00,0.42600232
2025-11-15 18:00:00,0.6703197
2025-11-15 19:00:00,0.8104416
2025-11-15 20:00:00,0.7479906
2025-11-15 21:00:00,0.52213925
2025-11-15 22:00:00,0.2873609
2025-11-15 23:00:00,0.08200129
2025-11-16 00:00:00,-0.10938477
2025-11-16 01:00:00,-0.28244233
2025-11-16 02:00:00,-0.40649217
2025-11-16 03:00:00,-0.37801927
2025-11-16 04:00:00,-0.052868474
2025-11-16 05:00:00,0.24753195
2025-11-16 06:00:00,0.5339099
2025-11-16 07:00:00,0.6545793
2025-11-16 08:00:00,0.63856864
2025-11-16 09:00:00,0.43729076
2025-11-16 10:00:00,0.21040788
2025-11-16 11:00:00,0.0058775586
2025-11-16 12:00:00,-0.17821123
2025-11-16 13:00:00,-0.3444199
2025-11-16 14:00:00,-0.47131962
2025-11-16 15:00:00,-0.42013627
2025-11-16 16:00:00,-0.065416366
2025-11-16 17:00:00,0.26552224
2025-11-16 18:00:00,0.6177821
2025-11-16 19:00:00,0.84270924
2025-11-16 20:00:00,0.94083685
2025-11-16 21:00:00,0.7923023
2025-11-16 22:00:00,0.52562106
2025-11-16 23:00:00,0.28577957
2025-11-17 00:00:00,0.0793051
2025-11-17 01:00:00,-0.12076828
2025-11-17 02:00:00,-0.28841984
2025-11-17 03:00:00,-0.40836695
2025-11-17 04:00:00,-0.27924505
2025-11-17 05:00:00,0.060385887
2025-11-17 06:00:00,0.38006857
2025-11-17 07:00:00,0.6220656
2025-11-17 08:00:00,0.6811835
2025-11-17 09:00:00,0.59226257
2025-11-17 10:00:00,0.36694735
2025-11-17 11:00:00,0.15152475
2025-11-17 12:00:00,-0.04755583
2025-11-17 13:00:00,-0.22630456
2025-11-17 14:00:00,-0.38277635
2025-11-17 15:00:00,-0.48700827
2025-11-17 16:00:00,-0.25427908
2025-11-17 17:00:00,0.10787261
2025-11-17 18:00:00,0.49344715
2025-11-17 19:00:00,0.82424146
2025-11-17 20:00:00,0.998133
2025-11-17 21:00:00,0.97889453
2025-11-17 22:00:00,0.72877836
2025-11-17 23:00:00,0.45995662
2025-11-18 00:00:00,0.23250282
2025-11-18 01:00:00,0.021640385
2025-11-18 02:00:00,-0.16998994
2025-11-18 03:00:00,-0.32998663
2025-11-18 04:00:00,-0.41308916
2025-11-18 05:00:00,-0.119896576
2025-11-18 06:00:00,0.19399212
2025-11-18 07:00:00,0.52947176
2025-11-18 08:00:00,0.6927204
2025-11-18 09:00:00,0.7014413
2025-11-18 10:00:00,0.53462964
2025-11-18 11:00:00,0.3033595
2025-11-18 12:00:00,0.08914459
2025-11-18 13:00:00,-0.107640624
2025-11-18 14:00:00,-0.28018877
2025-11-18 15:00:00,-0.42685568
2025-11-18 16:00:00,-0.42940938
2025-11-18 17:00:00,-0.009047342
2025-11-18 18:00:00,0.35312432
2025-11-18 19:00:00,0.75770116
2025-11-18 20:00:00,1.0040754
2025-11-18 21:00:00,1.1204995
2025-11-18 22:00:00,0.9586243
2025-11-18 23:00:00,0.6706014
2025-11-19 00:00:00,0.4137887
2025-11-19 01:00:00,0.19681093
2025-11-19 02:00:00,-0.023456376
2025-11-19 03:00:00,-0.20563363
2025-11-19 04:00:00,-0.35428175
2025-11-19 05:00:00,-0.30796447
2025-11-19 06:00:00,0.092219025
2025-11-19 07:00:00,0.42584074
2025-11-19 08:00:00,0.70504427
2025-11-19 09:00:00,0.76462567
2025-11-19 10:00:00,0.685313
2025-11-19 11:00:00,0.45112866
2025-11-19 12:00:00,0.2255789
2025-11-19 13:00:00,0.017067306
2025-11-19 14:00:00,-0.16578403
2025-11-19 15:00:00,-0.3285602
2025-11-19 16:00:00,-0.44580126
2025-11-19 17:00:00,-0.2064271
2025-11-19 18:00:00,0.19265506
2025-11-19 19:00:00,0.6177602
2025-11-19 20:00:00,0.97735167
2025-11-19 21:00:00,1.1747642
2025-11-19 22:00:00,1.1576214
2025-11-19 23:00:00,0.8848917
2025-11-20 00:00:00,0.59266293
2025-11-20 01:00:00,0.35585868
2025-11-20 02:00:00,0.1326042
2025-11-20 03:00:00,-0.08266331
2025-11-20 04:00:00,-0.25154334
2025-11-20 05:00:00,-0.36674115
2025-11-20 06:00:00,-0.10608459
2025-11-20 07:00:00,0.23728323
2025-11-20 08:00:00,0.57966506
2025-11-20 09:00:00,0.74342227
2025-11-20 10:00:00,0.73442054
2025-11-20 11:00:00,0.5664221
2025-11-20 12:00:00,0.32924762
2025-11-20 13:00:00,0.110878564
2025-11-20 14:00:00,-0.08863646
2025-11-20 15:00:00,-0.26032358
2025-11-20 16:00:00,-0.41134354
2025-11-20 17:00:00,-0.45089194
2025-11-20 18:00:00,-0.010216634
2025-11-20 19:00:00,0.37463504
2025-11-20 20:00:00,0.81879205
2025-11-20 21:00:00,1.0804907
2025-11-20 22:00:00,1.2015655
2025-11-20 23:00:00,1.0246981
2025-11-21 00:00:00,0.7226036
